BranchID,BranchName,BranchAddress,BranchPhoneNumber
1,Hampton-Johnson,"Unit 7498 Box 1909
DPO AA 73909",615-939-5079
2,Johnson-Braun,"376 Garrett Forge Suite 567
Sandramouth, NJ 95404",615-939-5080
3,"Parker, Williamson and Garcia","Unit 0971 Box 9022
DPO AA 40663",615-939-5081
4,Goodman-Lee,"6341 Joseph Trail
Gabrielastad, PA 86992",615-939-5082
5,Wallace LLC,"8352 Davies Parkway Suite 254
Albertmouth, NC 63903",615-939-5083
6,"Thomas, Schwartz and Wilson","743 Adam Creek
East Randy, AL 52770",615-939-5084
7,Smith-Maynard,"086 Jeanette Views Suite 669
Chaseland, DE 03897",615-939-5085
8,Pitts LLC,"575 Mark Station
Shannonbury, ND 04528",615-939-5086
9,Rodriguez Inc,"33271 Gregory River Suite 911
Lake Tiffanytown, VT 83075",615-939-5087
10,Clark-Thomas,"816 Maxwell Divide Apt. 427
Edwardburgh, PW 39542",615-939-5088
