CustomerID,FirstName,LastName,DateOfBirth,Address,PhoneNumber,City
1,Alexander,Harrington,1998-11-15,"527 Shelley Throughway
Rebeccashire, MD 08099",812-980-2552,London
2,Jaime,Washington,1919-07-27,"747 Ashley Mountains Suite 014
North Dean, KY 25033",430-774-1040,Manchester
3,David,Sampson,1972-05-24,"PSC 5321, Box 9292
APO AE 84802",370-558-2430,Liverpool
4,David,Novak,1954-03-21,"115 Todd Causeway
North Kristaberg, AR 20985",724-778-2907,Liverpool
5,Tony,Chen,1963-12-08,"6928 Navarro Mall
Romanstad, NJ 46944",401-579-6061,Liverpool
6,Taylor,Moreno,2022-10-16,"18197 White Springs Apt. 095
North Lindastad, OK 01587",766-825-9993,Manchester
7,William,Jones,1914-05-30,"2875 Dawn Lights Suite 292
Friedmanmouth, MP 68078",856-692-6830,London
8,Kimberly,Powell,2008-10-15,"14173 Hoffman Flat
South Elizabeth, IA 21150",852-455-7913,Manchester
9,Karen,Hester,1996-05-07,"634 Matthew Trace Suite 336
North Leslie, IA 42229",385-497-3434,Liverpool
10,Teresa,Moore,1935-10-14,"339 Isaiah Point
South Thomas, AK 49843",952-603-9868,Leeds
11,Lindsay,Carrillo,1926-03-12,"5431 Kurt Lock
Lake Ashley, IN 14285",142-143-3106,Portsmouth
12,Jonathan,Robertson,1920-09-25,"1620 Flores Islands
Aimeestad, NJ 96084",515-358-0775,London
13,Cory,Harris,1970-05-03,"9073 Newman Flat
West Melindaton, MA 36154",962-954-7643,Leeds
14,Cody,Steele,1916-06-17,"381 Weber Roads Suite 381
Amyhaven, NE 52737",513-288-7483,Leeds
15,Melinda,Massey,1962-04-27,"41026 Williams Village
Fosterton, PR 67509",936-794-1060,Cambridge
16,Eddie,Simmons,2013-03-09,"3795 Miller Burgs
West Jeffreymouth, DC 38653",748-815-9657,Birmingham
17,Roger,Wilkerson,2013-05-26,"6058 Harry Street Apt. 232
Davilafort, KS 45375",818-567-0092,Liverpool
18,Kevin,Brown,1994-05-31,"USNS Holmes
FPO AA 74422",349-998-8410,Birmingham
19,Tina,Clark,1968-04-16,"Unit 9091 Box 9285
DPO AA 69240",565-296-9903,Portsmouth
20,Christina,Leonard,1972-12-13,"97183 Paul Landing
North Shaneland, MS 46875",703-312-8933,Manchester
21,Brian,Nolan,1959-03-13,"68688 Carey Stream Suite 214
East Danielleborough, MS 73831",352-100-1858,London
22,Debra,Wilson,1964-04-12,"250 Andrew Shores
South Jerome, IL 07912",517-848-4263,Leeds
23,Kathleen,Davis,1936-04-09,"93164 Garcia Unions Apt. 221
Malikbury, DC 91853",582-583-2726,Birmingham
24,Donald,Frey,1943-08-24,"132 Ramirez Ports
Matthewshire, VT 30229",361-338-9548,Cambridge
25,Ryan,Fitzgerald,1936-09-21,"8581 Christopher Ville Suite 989
Norrisshire, MO 88569",986-722-6617,London
26,Daniel,Bradley,1936-08-25,"71544 Evans Expressway Suite 118
South Emilyshire, SC 18910",450-184-3606,Cambridge
27,Jessica,Howell,1936-04-13,"175 Shaffer Rapids Apt. 711
West Phillip, PR 95408",930-527-0642,Liverpool
28,Joe,Fletcher,1975-05-07,"217 Jessica Ranch
Mayerside, VI 62143",530-114-9359,Cambridge
29,Elizabeth,Huynh,1987-07-02,"7855 Townsend Ferry Apt. 056
Port Samueltown, ID 07785",965-255-3288,Liverpool
30,Robert,Khan,1997-10-18,"733 Pace Square Suite 940
Ryanbury, WV 95616",148-131-8167,Leeds
31,Candice,Mills,2001-04-09,"173 Alvarado Track Apt. 064
Campbellmouth, NC 54982",478-843-8109,Portsmouth
32,Christian,Clark,1995-03-05,"5208 Jeremy Ranch
West Carlaborough, KY 01456",351-614-6727,Liverpool
33,Emily,Wilkins,1913-12-03,"86711 Rogers Radial Apt. 332
South Jacobfort, NH 47020",366-966-9545,Cambridge
34,Angela,Harris,1918-07-31,"Unit 3348 Box 2092
DPO AP 15629",521-409-2365,Manchester
35,Kevin,Alvarado,2010-02-23,"331 Ross Tunnel
Doylehaven, SD 83582",318-773-9193,Cambridge
36,Sally,Jones,1953-05-23,"140 Joe Lakes
Lake Christine, WA 85141",648-763-6187,Birmingham
37,Nathan,Gonzales,1971-06-24,"724 Nicholas Motorway Apt. 019
Josephfurt, MD 29791",973-943-1743,London
38,Alicia,Fletcher,1989-07-07,"242 Hunter Alley Suite 414
Rodriguezchester, VA 75558",617-963-6897,Leeds
39,Craig,Anderson,1940-04-05,"039 Tina Forge Apt. 169
Mullenville, WV 91636",953-349-4894,Manchester
40,Nicole,Wilson,1928-10-24,"3420 Catherine Trace
Barbaraport, NJ 53315",809-887-6115,Portsmouth
41,Matthew,Johnson,1935-09-04,"627 Lee Lake Suite 111
Johnstad, MN 32920",145-280-9875,Leeds
42,Billy,Lewis,1959-07-25,"5789 Davis Track Suite 389
Devinberg, OR 53516",929-641-6040,Manchester
43,Courtney,Watts,1945-10-11,"175 Mejia Ports Apt. 149
Charlesstad, FM 56486",927-887-1563,Portsmouth
44,Sara,Jones,2019-05-12,"377 Price Route Apt. 755
Bowmanside, AZ 20802",638-795-5336,London
45,Kevin,Patel,1993-08-18,"8335 Maria Lights
Jonesfurt, AL 03814",721-403-6150,Portsmouth
46,Andrew,Morrison,1982-10-08,"388 Andrew Brooks Suite 476
West Clinton, LA 74408",615-160-7369,Manchester
47,Kristen,Johnson,1920-06-17,"6612 Derrick Path Suite 484
Judithmouth, OK 62073",679-112-0841,Liverpool
48,Tiffany,Beltran,2012-05-17,"63008 King Heights
Hollyton, CA 03962",888-961-9581,London
49,Patrick,Cooper,1961-01-14,"70527 Cain Route Apt. 869
South Elizabeth, TN 35558",119-621-6272,London
50,Edward,Holmes,1952-05-10,"0474 Jackson Brooks
Port Deanmouth, VT 65291",768-836-2123,Cambridge
51,Edward,Reynolds,1967-04-07,"645 Oconnell Trace
Davisborough, AK 48234",748-430-8937,Manchester
52,Mary,Nelson,2004-12-30,"0584 Richmond Centers Suite 128
Brocktown, AK 91110",976-871-0940,Leeds
53,William,Anderson,2016-07-16,"PSC 8593, Box 1460
APO AP 73864",282-470-3973,Liverpool
54,Holly,Lozano,2016-08-15,"7242 Brian Terrace
South Darrenton, KS 76632",683-175-4499,Cambridge
55,Katherine,Mitchell,1945-07-14,"606 Sanchez Squares
Ramirezton, SD 28694",819-805-9667,Liverpool
56,Victoria,Lawrence,1997-02-23,"60411 Timothy Rapids Suite 800
Matthewmouth, NE 97028",659-723-5583,Liverpool
57,Sarah,Greer,1994-10-13,"98005 Adam Haven Suite 155
North Jasmine, MA 69079",958-608-3822,Leeds
58,Thomas,Sims,1969-02-17,"4253 Justin Circles Apt. 226
Lake Rose, VT 55584",532-345-8146,Leeds
59,Kimberly,Brown,1993-05-14,"8138 Wright Terrace Apt. 603
Lisaland, OH 73697",109-413-1295,Leeds
60,Edwin,Thompson,1935-09-03,"179 Ortega Ferry
Floresfort, MS 68297",651-676-5440,Cambridge
61,Sandra,Love,1927-01-05,"335 Barrett Greens Suite 293
Lake Staceybury, CO 45009",403-103-2919,Birmingham
62,Megan,Sexton,1970-09-29,"17402 Sally Parkways
Iantown, UT 46414",811-245-1472,Birmingham
63,Jennifer,Anderson,1947-09-21,"7193 Gutierrez Port Apt. 019
New Craigberg, MA 59343",677-334-8448,London
64,Steven,Wood,1918-07-24,"766 Lawrence Junctions Suite 641
Lake Jessicaborough, TX 13891",775-442-4688,Portsmouth
65,Lori,Williams,1999-11-18,"005 Bruce Freeway Suite 516
North Jonathanton, WY 73179",217-794-8121,Birmingham
66,Daniel,Owen,1998-02-08,"945 Karla Villages
East Nicholas, MP 57230",358-252-0756,Manchester
67,Jay,Vega,1966-01-21,"23528 Morgan Knolls Apt. 159
Port Todd, AR 62037",705-846-8158,Birmingham
68,Kelly,Rodriguez,2012-07-07,"1281 Luna Vista
Port Christine, NC 13306",972-453-6254,Portsmouth
69,Jordan,Pratt,1957-07-02,"93395 Fowler Unions
Zacharyburgh, VI 08429",443-100-6051,Liverpool
70,Kayla,Alexander,2013-07-28,"715 Cathy Spurs
Danielborough, WY 47573",491-668-4002,Manchester
71,Randy,Nguyen,1941-04-29,"755 Steve Cliff Apt. 615
Edwardstad, KS 03160",583-781-0699,Portsmouth
72,Christine,Ford,2019-02-24,"75427 Angelica Mission
Lake Claudia, MA 83012",396-814-2960,Cambridge
73,David,Franco,1938-11-07,"Unit 7126 Box 7504
DPO AP 18481",953-916-2648,Cambridge
74,Anthony,Scott,1934-09-23,"948 Garcia Crossroad
Franklinstad, NJ 41753",375-913-1592,Liverpool
75,Mary,Williams,1920-07-07,"USS Mata
FPO AP 48974",685-120-0290,Cambridge
76,Richard,Maldonado,1972-10-24,"480 Phillips Rue Apt. 547
West Catherine, OR 20187",113-820-7731,Birmingham
77,Karen,Cortez,1973-08-10,"Unit 7492 Box 5693
DPO AP 30013",710-736-7494,Leeds
78,Stanley,Wilson,1951-06-08,"7657 Barr Canyon
Port Michealport, NC 25247",903-549-9255,Liverpool
79,John,Rogers,2020-11-06,"298 Jimenez Neck Apt. 117
West Ericaburgh, WA 73116",926-953-1528,London
80,Sarah,Schmidt,1954-07-16,"406 Lopez Neck
Greenmouth, PW 77833",828-447-7719,Manchester
81,Robert,Norris,1909-06-30,"618 John Lakes
Lake Janetberg, NE 07498",477-893-3382,Liverpool
82,Angela,Combs,1958-05-02,"531 Cline Crest
Hessside, KY 50073",270-894-4677,London
83,Brian,Thompson,1966-10-03,"80489 Michele Island
Harveyland, AS 36910",864-340-1660,Cambridge
84,Robin,Alexander,1924-01-25,"19418 Hurst Branch Apt. 608
New Christopher, MS 60328",745-596-7819,Cambridge
85,Tara,Cook,1952-11-25,"642 Adams Rue Suite 995
Lake Thomas, SC 24612",743-340-7087,Portsmouth
86,Bethany,Williams,1934-03-08,"PSC 5986, Box 2676
APO AE 49694",906-928-2445,Leeds
87,Stephen,Baker,1917-03-06,"Unit 5368 Box 5590
DPO AA 43236",191-500-8416,Liverpool
88,Erika,Holmes,1934-08-11,"446 Weiss Plains
North Richardmouth, IN 46039",413-943-6239,London
89,Betty,Cooley,2009-08-30,"2684 Ronald Glen
Juliaberg, IA 90725",380-767-8252,London
90,Mario,Gonzalez,1941-02-07,"PSC 9562, Box 4199
APO AP 19031",500-106-1993,Cambridge
91,Patrick,Jackson,1976-11-23,"Unit 3248 Box 0768
DPO AA 43377",595-196-6073,Liverpool
92,Robert,Roberts,1976-10-21,"947 Morris Heights
Collierberg, WY 11124",708-944-9820,Portsmouth
93,Jennifer,Johnson,1916-01-15,"Unit 2728 Box 3265
DPO AP 19192",266-412-5190,Liverpool
94,Nicole,Oliver,1916-12-20,"7643 Newton Viaduct Apt. 938
New Desiree, NC 96046",485-398-3550,Portsmouth
95,Hannah,Miller,1958-03-09,"9958 Carr Valleys
Erikaview, AR 47527",266-566-5283,Birmingham
96,Danny,Liu,2005-12-12,"8373 Austin Shore
West Chase, VI 37143",518-800-4670,Liverpool
97,Catherine,Sullivan,1910-02-24,"161 Reynolds Summit
Wareton, FM 28224",384-146-8059,Manchester
98,Dennis,Villarreal,2002-06-14,"340 Amber Common
North Rachael, IA 25460",902-293-3031,London
99,Mary,Arnold,1931-07-06,"35601 Rich Road Suite 106
Kennethshire, NE 61130",608-609-0112,Leeds
100,Brandon,Miller,1968-11-10,"8937 Gutierrez Prairie
Lake Anthony, MA 14391",917-363-3556,London